{"__class__": "MusicPlayer", "__module__": "musicbot.player", "data": {"current_entry": {"entry": {"__class__": "URLPlaylistEntry", "__module__": "musicbot.entry", "data": {"downloaded": true, "duration": 292, "expected_filename": "audio_cache\\youtube-0yQyjcpnx3g-Oscar_Peterson_Night_Train.webm", "filename": "audio_cache\\youtube-0yQyjcpnx3g-Oscar_Peterson_Night_Train.webm", "full_filename": "C:\\Users\\Mavis\\Desktop\\MusicBot-master\\MusicBot-master\\audio_cache\\youtube-0yQyjcpnx3g-Oscar_Peterson_Night_Train.webm", "meta": {}, "title": "Oscar Peterson   Night Train", "url": "https://youtube.com/watch?v=0yQyjcpnx3g", "version": 1}}, "progress": 0, "progress_frames": 1}, "entries": {"__class__": "Playlist", "__module__": "musicbot.playlist", "data": {"entries": []}}}}